"Measure","Time","Time_type","Ethnicity","Ethnicity_type","Geography","Geography_type","Age Bracket","Percentage","Percentage: Lower bound","Percentage: Upper bound","Estimated number of people (thousands)","Estimated number of people (thousands): lower bound","Estimated number of people (thousands): upper bound","Note"
"Used the internet in the last 3 months","2019","Year","White","White, Mixed, Indian, Pakistani, Bangladeshi, Chinese, Other Asian, Black, Other","UK","UK","16+","90.5","90.2","90.8","42296","42153","42438",""
"Used the internet in the last 3 months","2019","Year","Mixed/Multiple ethnic groups","White, Mixed, Indian, Pakistani, Bangladeshi, Chinese, Other Asian, Black, Other","UK","UK","16+","96.0","94.0","98.1","547","535","559",""
"Used the internet in the last 3 months","2019","Year","Indian","White, Mixed, Indian, Pakistani, Bangladeshi, Chinese, Other Asian, Black, Other","UK","UK","16+","90.4","88.3","92.6","1077","1052","1103",""
"Used the internet in the last 3 months","2019","Year","Pakistani","White, Mixed, Indian, Pakistani, Bangladeshi, Chinese, Other Asian, Black, Other","UK","UK","16+","91.1","88.7","93.5","767","747","787",""
"Used the internet in the last 3 months","2019","Year","Bangladeshi","White, Mixed, Indian, Pakistani, Bangladeshi, Chinese, Other Asian, Black, Other","UK","UK","16+","91.9","88.2","95.6","354","340","368",""
"Used the internet in the last 3 months","2019","Year","Chinese","White, Mixed, Indian, Pakistani, Bangladeshi, Chinese, Other Asian, Black, Other","UK","UK","16+","98.6","96.9","100","265","260","269",""
"Used the internet in the last 3 months","2019","Year","Any other Asian background","White, Mixed, Indian, Pakistani, Bangladeshi, Chinese, Other Asian, Black, Other","UK","UK","16+","95.6","93.6","97.6","620","607","633",""
"Used the internet in the last 3 months","2019","Year","Black/African/Caribbean/Black British","White, Mixed, Indian, Pakistani, Bangladeshi, Chinese, Other Asian, Black, Other","UK","UK","16+","92.8","91.0","94.5","1376","1351","1402",""
"Used the internet in the last 3 months","2019","Year","Other ethnic group","White, Mixed, Indian, Pakistani, Bangladeshi, Chinese, Other Asian, Black, Other","UK","UK","16+","94.5","92.4","96.5","796","779","813",""
"Used the internet in the last 3 months","2018","Year","White","White, Mixed, Indian, Pakistani, Bangladeshi, Chinese, Other Asian, Black, Other","UK","UK","16+","89.3","89.0","89.6","41825","41678","41973",""
"Used the internet in the last 3 months","2018","Year","Mixed/Multiple ethnic groups","White, Mixed, Indian, Pakistani, Bangladeshi, Chinese, Other Asian, Black, Other","UK","UK","16+","97.9","96.3","99.4","510","502","518",""
"Used the internet in the last 3 months","2018","Year","Indian","White, Mixed, Indian, Pakistani, Bangladeshi, Chinese, Other Asian, Black, Other","UK","UK","16+","92.7","90.8","94.5","1087","1066","1108",""
"Used the internet in the last 3 months","2018","Year","Pakistani","White, Mixed, Indian, Pakistani, Bangladeshi, Chinese, Other Asian, Black, Other","UK","UK","16+","92.8","90.7","94.9","779","761","796",""
"Used the internet in the last 3 months","2018","Year","Bangladeshi","White, Mixed, Indian, Pakistani, Bangladeshi, Chinese, Other Asian, Black, Other","UK","UK","16+","90.7","86.8","94.6","320","306","333",""
"Used the internet in the last 3 months","2018","Year","Chinese","White, Mixed, Indian, Pakistani, Bangladeshi, Chinese, Other Asian, Black, Other","UK","UK","16+","97.6","95.5","99.7","303","296","309",""
"Used the internet in the last 3 months","2018","Year","Any other Asian background","White, Mixed, Indian, Pakistani, Bangladeshi, Chinese, Other Asian, Black, Other","UK","UK","16+","96.4","94.5","98.2","576","565","587",""
"Used the internet in the last 3 months","2018","Year","Black/African/Caribbean/Black British","White, Mixed, Indian, Pakistani, Bangladeshi, Chinese, Other Asian, Black, Other","UK","UK","16+","91.2","89.4","93","1352","1325","1378",""
"Used the internet in the last 3 months","2018","Year","Other ethnic group","White, Mixed, Indian, Pakistani, Bangladeshi, Chinese, Other Asian, Black, Other","UK","UK","16+","95.4","93.6","97.2","784","769","798",""
"Used the internet in the last 3 months","2017","Year","White","White, Mixed, Indian, Pakistani, Bangladeshi, Chinese, Other Asian, Black, Other","UK","UK","16+","88.4","88.1","88.7","40885","40745","41025",""
"Used the internet in the last 3 months","2017","Year","Mixed/Multiple ethnic groups","White, Mixed, Indian, Pakistani, Bangladeshi, Chinese, Other Asian, Black, Other","UK","UK","16+","96.2","94.5","97.9","591","581","602",""
"Used the internet in the last 3 months","2017","Year","Indian","White, Mixed, Indian, Pakistani, Bangladeshi, Chinese, Other Asian, Black, Other","UK","UK","16+","90.6","88.9","92.4","1094","1073","1115",""
"Used the internet in the last 3 months","2017","Year","Pakistani","White, Mixed, Indian, Pakistani, Bangladeshi, Chinese, Other Asian, Black, Other","UK","UK","16+","90.3","88.2","92.4","759","741","777",""
"Used the internet in the last 3 months","2017","Year","Bangladeshi","White, Mixed, Indian, Pakistani, Bangladeshi, Chinese, Other Asian, Black, Other","UK","UK","16+","87.0","83.2","90.9","316","302","330",""
"Used the internet in the last 3 months","2017","Year","Chinese","White, Mixed, Indian, Pakistani, Bangladeshi, Chinese, Other Asian, Black, Other","UK","UK","16+","98.3","96.5","100","275","270","280",""
"Used the internet in the last 3 months","2017","Year","Any other Asian background","White, Mixed, Indian, Pakistani, Bangladeshi, Chinese, Other Asian, Black, Other","UK","UK","16+","93.1","90.9","95.2","562","549","575",""
"Used the internet in the last 3 months","2017","Year","Black/African/Caribbean/Black British","White, Mixed, Indian, Pakistani, Bangladeshi, Chinese, Other Asian, Black, Other","UK","UK","16+","92.1","90.6","93.6","1394","1371","1417",""
"Used the internet in the last 3 months","2017","Year","Other ethnic group","White, Mixed, Indian, Pakistani, Bangladeshi, Chinese, Other Asian, Black, Other","UK","UK","16+","94.1","92.4","95.8","838","822","853",""
"Used the internet in the last 3 months","2017","Year","All","All","UK","UK","16+","88.9","88.6","89.2","46,714","46,566","46,861",""
"Used the internet in the last 3 months","2017","Year","All","All","North East","Region","16+","85","83.4","86.6","1,817","1,783","1,851",""
"Used the internet in the last 3 months","2017","Year","All","All","North West","Region","16+","88.1","87.2","89","5,071","5,021","5,121",""
"Used the internet in the last 3 months","2017","Year","All","All","Yorkshire and the Humber","Region","16+","86.8","85.8","87.8","3,765","3,721","3,809",""
"Used the internet in the last 3 months","2017","Year","All","All","East Midlands","Region","16+","87.8","86.7","88.9","3,326","3,285","3,366",""
"Used the internet in the last 3 months","2017","Year","All","All","West Midlands","Region","16+","86.4","85.4","87.5","3,974","3,927","4,022",""
"Used the internet in the last 3 months","2017","Year","All","All","East of England","Region","16+","90.3","89.5","91.2","4,427","4,385","4,469",""
"Used the internet in the last 3 months","2017","Year","All","All","London","Region","16+","92.7","92","93.4","6,497","6,447","6,548",""
"Used the internet in the last 3 months","2017","Year","All","All","South East","Region","16+","91.6","90.9","92.3","6,593","6,544","6,641",""
"Used the internet in the last 3 months","2017","Year","All","All","South West","Region","16+","89.2","88.3","90.2","3,986","3,945","4,027",""
"Used the internet in the last 3 months","2017","Year","All","All","Wales","Region","16+","86.9","85.5","88.2","2,188","2,154","2,222",""
"Used the internet in the last 3 months","2017","Year","All","All","Scotland","Region","16+","87.5","86.4","88.5","3,845","3,799","3,891",""
"Used the internet in the last 3 months","2017","Year","All","All","Northern Ireland","Region","16+","84","82.4","85.6","1,223","1,200","1,246",""
"Used the internet in the last 3 months","2017","Year","White","White,Asian,Black and Other","UK","UK","16+","88.4","88.1","88.7","40,885","40,745","41,025",""
"Used the internet in the last 3 months","2017","Year","White","White,Asian,Black and Other","North East","Region","16+","84.7","83","86.3","1,752","1,719","1,786",""
"Used the internet in the last 3 months","2017","Year","White","White,Asian,Black and Other","North West","Region","16+","87.8","86.9","88.7","4,589","4,541","4,637",""
"Used the internet in the last 3 months","2017","Year","White","White,Asian,Black and Other","Yorkshire and the Humber","Region","16+","86.4","85.3","87.5","3,395","3,352","3,437",""
"Used the internet in the last 3 months","2017","Year","White","White,Asian,Black and Other","East Midlands","Region","16+","87.5","86.4","88.7","3,003","2,964","3,042",""
"Used the internet in the last 3 months","2017","Year","White","White,Asian,Black and Other","West Midlands","Region","16+","86.1","84.9","87.2","3,298","3,254","3,342",""
"Used the internet in the last 3 months","2017","Year","White","White,Asian,Black and Other","East of England","Region","16+","89.8","88.9","90.7","4,037","3,996","4,078",""
"Used the internet in the last 3 months","2017","Year","White","White,Asian,Black and Other","London","Region","16+","92.7","91.8","93.6","3,969","3,929","4,009",""
"Used the internet in the last 3 months","2017","Year","White","White,Asian,Black and Other","South East","Region","16+","91.2","90.5","91.9","6,056","6,008","6,104",""
"Used the internet in the last 3 months","2017","Year","White","White,Asian,Black and Other","South West","Region","16+","89.2","88.2","90.1","3,817","3,777","3,858",""
"Used the internet in the last 3 months","2017","Year","White","White,Asian,Black and Other","Wales","Region","16+","86.7","85.3","88","2,100","2,066","2,133",""
"Used the internet in the last 3 months","2017","Year","White","White,Asian,Black and Other","Scotland","Region","16+","87.2","86.1","88.3","3,668","3,622","3,713",""
"Used the internet in the last 3 months","2017","Year","White","White,Asian,Black and Other","Northern Ireland","Region","16+","83.8","82.2","85.4","1,201","1,178","1,223",""
"Used the internet in the last 3 months","2017","Year","Other inc. Mixed","White,Asian,Black and Other","UK","UK","16+","94.9","93.7","96.2","1,429","1,410","1,448",""
"Used the internet in the last 3 months","2017","Year","Other inc. Mixed","White,Asian,Black and Other","North East","Region","16+"," ?"," ? "," ? "," ?"," ? "," ? "," Suppressed "
"Used the internet in the last 3 months","2017","Year","Other inc. Mixed","White,Asian,Black and Other","North West","Region","16+"," ?"," ? "," ? "," ?"," ? "," ? "," Suppressed "
"Used the internet in the last 3 months","2017","Year","Other inc. Mixed","White,Asian,Black and Other","Yorkshire and the Humber","Region","16+"," ?"," ? "," ? "," ?"," ? "," ? "," Suppressed "
"Used the internet in the last 3 months","2017","Year","Other inc. Mixed","White,Asian,Black and Other","East Midlands","Region","16+"," ?"," ? "," ? "," ?"," ? "," ? "," Suppressed "
"Used the internet in the last 3 months","2017","Year","Other inc. Mixed","White,Asian,Black and Other","West Midlands","Region","16+","91.5","86.4","96.6","128","121","135",""
"Used the internet in the last 3 months","2017","Year","Other inc. Mixed","White,Asian,Black and Other","East of England","Region","16+"," ?"," ? "," ? "," ?"," ? "," ? "," Suppressed "
"Used the internet in the last 3 months","2017","Year","Other inc. Mixed","White,Asian,Black and Other","London","Region","16+","94.1","91.9","96.3","598","584","612",""
"Used the internet in the last 3 months","2017","Year","Other inc. Mixed","White,Asian,Black and Other","South East","Region","16+"," ?"," ? "," ? "," ?"," ? "," ? "," Suppressed "
"Used the internet in the last 3 months","2017","Year","Other inc. Mixed","White,Asian,Black and Other","South West","Region","16+"," ?"," ? "," ? "," ?"," ? "," ? "," Suppressed "
"Used the internet in the last 3 months","2017","Year","Other inc. Mixed","White,Asian,Black and Other","Wales","Region","16+"," ?"," ? "," ? "," ?"," ? "," ? "," Suppressed "
"Used the internet in the last 3 months","2017","Year","Other inc. Mixed","White,Asian,Black and Other","Scotland","Region","16+"," ?"," ? "," ? "," ?"," ? "," ? "," Suppressed "
"Used the internet in the last 3 months","2017","Year","Other inc. Mixed","White,Asian,Black and Other","Northern Ireland","Region","16+"," ?"," ? "," ? "," ?"," ? "," ? "," Suppressed "
"Used the internet in the last 3 months","2017","Year","Asian","White,Asian,Black and Other","UK","Region","16+","91.2","90.2","92.3","3,006","2,972","3,040",""
"Used the internet in the last 3 months","2017","Year","Asian","White,Asian,Black and Other","North East","Region","16+"," ?"," ? "," ? "," ?"," ? "," ? "," Suppressed "
"Used the internet in the last 3 months","2017","Year","Asian","White,Asian,Black and Other","North West","Region","16+","89.6","86","93.2","269","258","280",""
"Used the internet in the last 3 months","2017","Year","Asian","White,Asian,Black and Other","Yorkshire and the Humber","Region","16+","88.3","84.3","92.3","224","214","234",""
"Used the internet in the last 3 months","2017","Year","Asian","White,Asian,Black and Other","East Midlands","Region","16+","88.3","83.7","92.9","188","178","198",""
"Used the internet in the last 3 months","2017","Year","Asian","White,Asian,Black and Other","West Midlands","Region","16+","87.2","83.9","90.4","409","394","424",""
"Used the internet in the last 3 months","2017","Year","Asian","White,Asian,Black and Other","East of England","Region","16+","94.9","91.7","98.1","192","186","199",""
"Used the internet in the last 3 months","2017","Year","Asian","White,Asian,Black and Other","London","Region","16+","92","90.3","93.7","1,186","1,164","1,208",""
"Used the internet in the last 3 months","2017","Year","Asian","White,Asian,Black and Other","South East","Region","16+","94.6","92","97","278","270","285",""
"Used the internet in the last 3 months","2017","Year","Asian","White,Asian,Black and Other","South West","Region","16+"," ?"," ? "," ? "," ?"," ? "," ? "," Suppressed "
"Used the internet in the last 3 months","2017","Year","Asian","White,Asian,Black and Other","Wales","Region","16+"," ?"," ? "," ? "," ?"," ? "," ? "," Suppressed "
"Used the internet in the last 3 months","2017","Year","Asian","White,Asian,Black and Other","Scotland","Region","16+","92.6","86.9","98.2","97","91","103",""
"Used the internet in the last 3 months","2017","Year","Asian","White,Asian,Black and Other","Northern Ireland","Region","16+"," ?"," ? "," ? "," ?"," ? "," ? "," Suppressed "
"Used the internet in the last 3 months","2017","Year","Black","White,Asian,Black and Other","UK","UK","16+","92.1","90.6","93.6","1,394","1,371","1,417",""
"Used the internet in the last 3 months","2017","Year","Black","White,Asian,Black and Other","North East","Region","16+"," ?"," ? "," ? "," ?"," ? "," ? "," Suppressed "
"Used the internet in the last 3 months","2017","Year","Black","White,Asian,Black and Other","North West","Region","16+","88.4","82","94.8","96","89","103",""
"Used the internet in the last 3 months","2017","Year","Black","White,Asian,Black and Other","Yorkshire and the Humber","Region","16+"," ?"," ? "," ? "," ?"," ? "," ? "," Suppressed "
"Used the internet in the last 3 months","2017","Year","Black","White,Asian,Black and Other","East Midlands","Region","16+","91","83.8","98.2","68","63","74",""
"Used the internet in the last 3 months","2017","Year","Black","White,Asian,Black and Other","West Midlands","Region","16+","88.8","83.5","94.1","140","132","148",""
"Used the internet in the last 3 months","2017","Year","Black","White,Asian,Black and Other","East of England","Region","16+","95.7","91.5","?","96","92"," ? "," Suppressed "
"Used the internet in the last 3 months","2017","Year","Black","White,Asian,Black and Other","London","Region","16+","92.8","90.6","94.9","744","727","761",""
"Used the internet in the last 3 months","2017","Year","Black","White,Asian,Black and Other","South East","Region","16+"," ?"," ? "," ? "," ?"," ? "," ? "," Suppressed "
"Used the internet in the last 3 months","2017","Year","Black","White,Asian,Black and Other","South West","Region","16+","69.6","54.7","84.5","29","23","35",""
"Used the internet in the last 3 months","2017","Year","Black","White,Asian,Black and Other","Wales","Region","16+"," ?"," ? "," ? "," ?"," ? "," ? "," Suppressed "
"Used the internet in the last 3 months","2017","Year","Black","White,Asian,Black and Other","Scotland","Region","16+"," ?"," ? "," ? "," ?"," ? "," ? "," Suppressed "
"Used the internet in the last 3 months","2017","Year","Black","White,Asian,Black and Other","Northern Ireland","Region","16+"," ?"," ? "," ? "," ?"," ? "," ? "," Suppressed "
"Used the internet in the last 3 months","2017","Year","All","All","UK","UK","16-24","99.2","98.9","99.4","7,033","7,017","7,050",""
"Used the internet in the last 3 months","2017","Year","All","All","UK","UK","25-34","99.1","98.9","99.3","8,809","8,790","8,828",""
"Used the internet in the last 3 months","2017","Year","All","All","UK","UK","35-44","98.4","98.1","98.7","8,110","8,088","8,132",""
"Used the internet in the last 3 months","2017","Year","All","All","UK","UK","45-54","96.2","95.8","96.6","8,800","8,764","8,837",""
"Used the internet in the last 3 months","2017","Year","All","All","UK","UK","55-64","90","89.4","90.7","6,882","6,831","6,932",""
"Used the internet in the last 3 months","2017","Year","All","All","UK","UK","65-74","77.5","76.6","78.4","5,028","4,967","5,089",""
"Used the internet in the last 3 months","2017","Year","All","All","UK","UK","75+","40.5","38.6","42.5","2,050","1,951","2,150",""
"Used the internet in the last 3 months","2017","Year","White","White,Asian,Black and Other","UK","UK","16-24","99.2","99","99.5","5,792","5,777","5,807",""
"Used the internet in the last 3 months","2017","Year","White","White,Asian,Black and Other","UK","UK","25-34","99.3","99.1","99.5","7,324","7,308","7,339",""
"Used the internet in the last 3 months","2017","Year","White","White,Asian,Black and Other","UK","UK","35-44","98.6","98.3","98.9","6,711","6,692","6,730",""
"Used the internet in the last 3 months","2017","Year","White","White,Asian,Black and Other","UK","UK","45-54","96.4","96","96.8","7,802","7,769","7,835",""
"Used the internet in the last 3 months","2017","Year","White","White,Asian,Black and Other","UK","UK","55-64","90.8","90.2","91.5","6,400","6,354","6,447",""
"Used the internet in the last 3 months","2017","Year","White","White,Asian,Black and Other","UK","UK","65-74","78.1","77.1","79","4,869","4,810","4,928",""
"Used the internet in the last 3 months","2017","Year","White","White,Asian,Black and Other","UK","UK","75+","41","38.9","43","1,987","1,889","2,085",""
"Used the internet in the last 3 months","2017","Year","Other inc. Mixed","White,Asian,Black and Other","UK","UK","16-24","99.3","98.2","?","346","343"," ? "," Suppressed "
"Used the internet in the last 3 months","2017","Year","Other inc. Mixed","White,Asian,Black and Other","UK","UK","25-34","98.1","96.5","99.7","412","405","418",""
"Used the internet in the last 3 months","2017","Year","Other inc. Mixed","White,Asian,Black and Other","UK","UK","35-44","98.7","97.5","?","325","321"," ? "," Suppressed "
"Used the internet in the last 3 months","2017","Year","Other inc. Mixed","White,Asian,Black and Other","UK","UK","45-54","94.9","91.7","98.1","194","188","201",""
"Used the internet in the last 3 months","2017","Year","Other inc. Mixed","White,Asian,Black and Other","UK","UK","55-64","89","83.1","95","102","96","109",""
"Used the internet in the last 3 months","2017","Year","Other inc. Mixed","White,Asian,Black and Other","UK","UK","65-74"," ?","?","?"," ?"," ? "," ? "," Suppressed "
"Used the internet in the last 3 months","2017","Year","Other inc. Mixed","White,Asian,Black and Other","UK","UK","75+"," ?","?","?"," ?"," ? "," ? "," Suppressed "
"Used the internet in the last 3 months","2017","Year","Asian","White,Asian,Black and Other","UK","UK","16-24","98.9","98","99.9","604","599","610",""
"Used the internet in the last 3 months","2017","Year","Asian","White,Asian,Black and Other","UK","UK","25-34","98.7","97.9","99.6","799","792","806",""
"Used the internet in the last 3 months","2017","Year","Asian","White,Asian,Black and Other","UK","UK","35-44","96.7","95.4","98","762","752","773",""
"Used the internet in the last 3 months","2017","Year","Asian","White,Asian,Black and Other","UK","UK","45-54","93","90.7","95.3","490","477","502",""
"Used the internet in the last 3 months","2017","Year","Asian","White,Asian,Black and Other","UK","UK","55-64","73.1","68","78.2","229","213","245",""
"Used the internet in the last 3 months","2017","Year","Asian","White,Asian,Black and Other","UK","UK","65-74","62","54.6","69.4","95","84","107",""
"Used the internet in the last 3 months","2017","Year","Asian","White,Asian,Black and Other","UK","UK","75+","28.6","18.4","38.8","26","17","36",""
"Used the internet in the last 3 months","2017","Year","Black","White,Asian,Black and Other","UK","UK","16-24","99.1","97.8","?","291","287"," ? ",""
"Used the internet in the last 3 months","2017","Year","Black","White,Asian,Black and Other","UK","UK","25-34","97.3","95.1","99.6","275","269","281",""
"Used the internet in the last 3 months","2017","Year","Black","White,Asian,Black and Other","UK","UK","35-44","98.3","96.9","99.8","312","307","317",""
"Used the internet in the last 3 months","2017","Year","Black","White,Asian,Black and Other","UK","UK","45-54","96.9","94.9","99","315","308","321",""
"Used the internet in the last 3 months","2017","Year","Black","White,Asian,Black and Other","UK","UK","55-64","88.4","83.2","93.5","150","141","158",""
"Used the internet in the last 3 months","2017","Year","Black","White,Asian,Black and Other","UK","UK","65-74","55.8","42.1","69.5","28","21","34",""
"Used the internet in the last 3 months","2017","Year","Black","White,Asian,Black and Other","UK","UK","75+","31","15.2","46.9","24","12","36",""
"Used the internet in the last 3 months","2018","Year","All","All","UK","UK","16+","89.8","89.5","90.1","47535","47379","47690",""
"Used the internet in the last 3 months","2018","Year","All","All","North East","Region","16+","87.6","86.1","89.2","1879","1846","1913",""
"Used the internet in the last 3 months","2018","Year","All","All","North West","Region","16+","89","88.1","89.9","5140","5087","5193",""
"Used the internet in the last 3 months","2018","Year","All","All","Yorkshire and the Humber","Region","16+","87.9","86.8","89","3831","3784","3877",""
"Used the internet in the last 3 months","2018","Year","All","All","East Midlands","Region","16+","88.4","87.3","89.6","3372","3330","3415",""
"Used the internet in the last 3 months","2018","Year","All","All","West Midlands","Region","16+","88.7","87.7","89.7","4102","4054","4150",""
"Used the internet in the last 3 months","2018","Year","All","All","East of England","Region","16+","90.6","89.7","91.5","4482","4437","4528",""
"Used the internet in the last 3 months","2018","Year","All","All","London","Region","16+","92.6","91.8","93.4","6578","6521","6635",""
"Used the internet in the last 3 months","2018","Year","All","All","South East","Region","16+","92","91.2","92.7","6670","6618","6723",""
"Used the internet in the last 3 months","2018","Year","All","All","South West","Region","16+","89.8","88.8","90.7","4035","3993","4078",""
"Used the internet in the last 3 months","2018","Year","All","All","Wales","Region","16+","88.9","87.5","90.3","2247","2212","2283",""
"Used the internet in the last 3 months","2018","Year","All","All","Scotland","Region","16+","89.2","88.2","90.3","3943","3897","3989",""
"Used the internet in the last 3 months","2018","Year","All","All","Northern Ireland","Region","16+","85.6","84","87.1","1254","1231","1277",""
"Used the internet in the last 3 months","2018","Year","White","White,Asian,Black and Other","UK","UK","16+","89.3","89","89.6","41825","41678","41973",""
"Used the internet in the last 3 months","2018","Year","White","White,Asian,Black and Other","North East","Region","16+","87.1","85.5","88.7","1791","1758","1824",""
"Used the internet in the last 3 months","2018","Year","White","White,Asian,Black and Other","North West","Region","16+","88.6","87.6","89.6","4682","4631","4733",""
"Used the internet in the last 3 months","2018","Year","White","White,Asian,Black and Other","Yorkshire and the Humber","Region","16+","87.5","86.4","88.6","3465","3420","3510",""
"Used the internet in the last 3 months","2018","Year","White","White,Asian,Black and Other","East Midlands","Region","16+","88","86.8","89.2","3031","2990","3073",""
"Used the internet in the last 3 months","2018","Year","White","White,Asian,Black and Other","West Midlands","Region","16+","87.9","86.7","89","3443","3398","3489",""
"Used the internet in the last 3 months","2018","Year","White","White,Asian,Black and Other","East of England","Region","16+","90.2","89.3","91.2","4146","4102","4191",""
"Used the internet in the last 3 months","2018","Year","White","White,Asian,Black and Other","London","Region","16+","92.7","91.7","93.7","4154","4110","4199",""
"Used the internet in the last 3 months","2018","Year","White","White,Asian,Black and Other","South East","Region","16+","91.4","90.6","92.2","6065","6013","6117",""
"Used the internet in the last 3 months","2018","Year","White","White,Asian,Black and Other","South West","Region","16+","89.5","88.5","90.5","3851","3809","3893",""
"Used the internet in the last 3 months","2018","Year","White","White,Asian,Black and Other","Wales","Region","16+","88.7","87.2","90.1","2169","2134","2205",""
"Used the internet in the last 3 months","2018","Year","White","White,Asian,Black and Other","Scotland","Region","16+","89","87.9","90.1","3806","3760","3851",""
"Used the internet in the last 3 months","2018","Year","White","White,Asian,Black and Other","Northern Ireland","Region","16+","85.3","83.7","86.9","1221","1198","1244",""
"Used the internet in the last 3 months","2018","Year","Other inc. Mixed","White,Asian,Black and Other","UK","UK","16+","96.4","95.1","97.6","1294","1277","1310",""
"Used the internet in the last 3 months","2018","Year","Other inc. Mixed","White,Asian,Black and Other","North East","Region","16+","?","?","?","?","?","?",""
"Used the internet in the last 3 months","2018","Year","Other inc. Mixed","White,Asian,Black and Other","North West","Region","16+","95.7","91","100","104","99","109",""
"Used the internet in the last 3 months","2018","Year","Other inc. Mixed","White,Asian,Black and Other","Yorkshire and the Humber","Region","16+","?","?","?","?","?","?",""
"Used the internet in the last 3 months","2018","Year","Other inc. Mixed","White,Asian,Black and Other","East Midlands","Region","16+","?","?","?","?","?","?",""
"Used the internet in the last 3 months","2018","Year","Other inc. Mixed","White,Asian,Black and Other","West Midlands","Region","16+","98.4","95.5","100","92","89","95",""
"Used the internet in the last 3 months","2018","Year","Other inc. Mixed","White,Asian,Black and Other","East of England","Region","16+","?","?","?","?","?","?",""
"Used the internet in the last 3 months","2018","Year","Other inc. Mixed","White,Asian,Black and Other","London","Region","16+","95.4","93","97.8","551","537","565",""
"Used the internet in the last 3 months","2018","Year","Other inc. Mixed","White,Asian,Black and Other","South East","Region","16+","99.4","98.1","100","162","160","164",""
"Used the internet in the last 3 months","2018","Year","Other inc. Mixed","White,Asian,Black and Other","South West","Region","16+","92","84.9","99.1","65","60","70",""
"Used the internet in the last 3 months","2018","Year","Other inc. Mixed","White,Asian,Black and Other","Wales","Region","16+","?","?","?","?","?","?",""
"Used the internet in the last 3 months","2018","Year","Other inc. Mixed","White,Asian,Black and Other","Scotland","Region","16+","?","?","?","?","?","?",""
"Used the internet in the last 3 months","2018","Year","Other inc. Mixed","White,Asian,Black and Other","Northern Ireland","Region","16+","?","?","?","?","?","?",""
"Used the internet in the last 3 months","2018","Year","Asian","White,Asian,Black and Other","UK","Region","16+","93.6","92.6","94.6","3064","3030","3097",""
"Used the internet in the last 3 months","2018","Year","Asian","White,Asian,Black and Other","North East","Region","16+","?","?","?","?","?","?",""
"Used the internet in the last 3 months","2018","Year","Asian","White,Asian,Black and Other","North West","Region","16+","92.7","89.2","96.3","264","254","274",""
"Used the internet in the last 3 months","2018","Year","Asian","White,Asian,Black and Other","Yorkshire and the Humber","Region","16+","91.1","87.1","95.1","242","231","253",""
"Used the internet in the last 3 months","2018","Year","Asian","White,Asian,Black and Other","East Midlands","Region","16+","88.9","83.9","93.9","184","173","194",""
"Used the internet in the last 3 months","2018","Year","Asian","White,Asian,Black and Other","West Midlands","Region","16+","94.4","92","96.9","422","411","432",""
"Used the internet in the last 3 months","2018","Year","Asian","White,Asian,Black and Other","East of England","Region","16+","96.3","93","99.5","170","164","176",""
"Used the internet in the last 3 months","2018","Year","Asian","White,Asian,Black and Other","London","Region","16+","92.6","90.7","94.6","1171","1147","1196",""
"Used the internet in the last 3 months","2018","Year","Asian","White,Asian,Black and Other","South East","Region","16+","97.1","95.1","99.1","354","347","362",""
"Used the internet in the last 3 months","2018","Year","Asian","White,Asian,Black and Other","South West","Region","16+","96.9","92.9","100","79","76","82",""
"Used the internet in the last 3 months","2018","Year","Asian","White,Asian,Black and Other","Wales","Region","16+","?","?","?","?","?","?",""
"Used the internet in the last 3 months","2018","Year","Asian","White,Asian,Black and Other","Scotland","Region","16+","?","?","?","?","?","?",""
"Used the internet in the last 3 months","2018","Year","Asian","White,Asian,Black and Other","Northern Ireland","Region","16+","?","?","?","?","?","?",""
"Used the internet in the last 3 months","2018","Year","Black","White,Asian,Black and Other","UK","UK","16+","91.2","89.4","93","1352","1325","1378",""
"Used the internet in the last 3 months","2018","Year","Black","White,Asian,Black and Other","North East","Region","16+","?","?","?","?","?","?",""
"Used the internet in the last 3 months","2018","Year","Black","White,Asian,Black and Other","North West","Region","16+","93.9","88.2","99.6","90","85","96",""
"Used the internet in the last 3 months","2018","Year","Black","White,Asian,Black and Other","Yorkshire and the Humber","Region","16+","90.5","81.8","99.3","50","45","55",""
"Used the internet in the last 3 months","2018","Year","Black","White,Asian,Black and Other","East Midlands","Region","16+","96","91.2","100","92","87","96",""
"Used the internet in the last 3 months","2018","Year","Black","White,Asian,Black and Other","West Midlands","Region","16+","87.5","81.7","93.3","145","135","154",""
"Used the internet in the last 3 months","2018","Year","Black","White,Asian,Black and Other","East of England","Region","16+","88.8","80.5","97.1","81","73","88",""
"Used the internet in the last 3 months","2018","Year","Black","White,Asian,Black and Other","London","Region","16+","89.9","87.1","92.7","702","680","723",""
"Used the internet in the last 3 months","2018","Year","Black","White,Asian,Black and Other","South East","Region","16+","97.5","93.7","100","89","86","93",""
"Used the internet in the last 3 months","2018","Year","Black","White,Asian,Black and Other","South West","Region","16+","?","?","?","?","?","?",""
"Used the internet in the last 3 months","2018","Year","Black","White,Asian,Black and Other","Wales","Region","16+","?","?","?","?","?","?",""
"Used the internet in the last 3 months","2018","Year","Black","White,Asian,Black and Other","Scotland","Region","16+","?","?","?","?","?","?",""
"Used the internet in the last 3 months","2018","Year","Black","White,Asian,Black and Other","Northern Ireland","Region","16+","?","?","?","?","?","?",""
"Used the internet in the last 3 months","2018","Year","All","All","UK","UK","16-24","99.3","99","99.5","6991","6973","7009",""
"Used the internet in the last 3 months","2018","Year","All","All","UK","UK","25-34","99.2","99","99.5","8888","8868","8908",""
"Used the internet in the last 3 months","2018","Year","All","All","UK","UK","35-44","98.6","98.3","98.9","8139","8116","8163",""
"Used the internet in the last 3 months","2018","Year","All","All","UK","UK","45-54","96.8","96.4","97.2","8809","8773","8845",""
"Used the internet in the last 3 months","2018","Year","All","All","UK","UK","55-64","91.8","91.2","92.4","7185","7136","7234",""
"Used the internet in the last 3 months","2018","Year","All","All","UK","UK","65-74","80.2","79.3","81.1","5261","5200","5322",""
"Used the internet in the last 3 months","2018","Year","All","All","UK","UK","75+","43.6","41.6","45.6","2262","2159","2365",""
"Used the internet in the last 3 months","2018","Year","White","White,Asian,Black and Other","UK","UK","16-24","99.3","99","99.6","5805","5790","5821",""
"Used the internet in the last 3 months","2018","Year","White","White,Asian,Black and Other","UK","UK","25-34","99.4","99.2","99.6","7476","7460","7493",""
"Used the internet in the last 3 months","2018","Year","White","White,Asian,Black and Other","UK","UK","35-44","98.9","98.7","99.2","6742","6723","6760",""
"Used the internet in the last 3 months","2018","Year","White","White,Asian,Black and Other","UK","UK","45-54","97","96.6","97.4","7824","7791","7857",""
"Used the internet in the last 3 months","2018","Year","White","White,Asian,Black and Other","UK","UK","55-64","92.1","91.5","92.8","6678","6632","6724",""
"Used the internet in the last 3 months","2018","Year","White","White,Asian,Black and Other","UK","UK","65-74","80.6","79.7","81.6","5105","5046","5164",""
"Used the internet in the last 3 months","2018","Year","White","White,Asian,Black and Other","UK","UK","75+","43.9","41.9","46","2195","2093","2297",""
"Used the internet in the last 3 months","2018","Year","Other inc. Mixed","White,Asian,Black and Other","UK","UK","16-24","100","?","?","303","?","?",""
"Used the internet in the last 3 months","2018","Year","Other inc. Mixed","White,Asian,Black and Other","UK","UK","25-34","98.4","96.6","100","305","300","311",""
"Used the internet in the last 3 months","2018","Year","Other inc. Mixed","White,Asian,Black and Other","UK","UK","35-44","96.9","94.6","99.1","312","305","320",""
"Used the internet in the last 3 months","2018","Year","Other inc. Mixed","White,Asian,Black and Other","UK","UK","45-54","98.4","96.4","100","207","203","212",""
"Used the internet in the last 3 months","2018","Year","Other inc. Mixed","White,Asian,Black and Other","UK","UK","55-64","89.9","83.5","96.3","104","97","112",""
"Used the internet in the last 3 months","2018","Year","Other inc. Mixed","White,Asian,Black and Other","UK","UK","65-74","?","?","?","?","?","?",""
"Used the internet in the last 3 months","2018","Year","Other inc. Mixed","White,Asian,Black and Other","UK","UK","75+","?","?","?","?","?","?",""
"Used the internet in the last 3 months","2018","Year","Asian","White,Asian,Black and Other","UK","UK","16-24","99.7","99","100","623","619","627",""
"Used the internet in the last 3 months","2018","Year","Asian","White,Asian,Black and Other","UK","UK","25-34","98.7","97.7","99.7","826","818","835",""
"Used the internet in the last 3 months","2018","Year","Asian","White,Asian,Black and Other","UK","UK","35-44","96.9","95.5","98.3","783","772","795",""
"Used the internet in the last 3 months","2018","Year","Asian","White,Asian,Black and Other","UK","UK","45-54","94.7","92.4","97","476","465","488",""
"Used the internet in the last 3 months","2018","Year","Asian","White,Asian,Black and Other","UK","UK","55-64","84.3","79.6","88.9","240","227","254",""
"Used the internet in the last 3 months","2018","Year","Asian","White,Asian,Black and Other","UK","UK","65-74","63.1","54.1","72.1","77","66","88",""
"Used the internet in the last 3 months","2018","Year","Asian","White,Asian,Black and Other","UK","UK","75+","41","28.4","53.6","37","26","49",""
"Used the internet in the last 3 months","2018","Year","Black","White,Asian,Black and Other","UK","UK","16-24","97.2","94.5","99.9","260","253","267",""
"Used the internet in the last 3 months","2018","Year","Black","White,Asian,Black and Other","UK","UK","25-34","98.2","96.1","100","280","274","286",""
"Used the internet in the last 3 months","2018","Year","Black","White,Asian,Black and Other","UK","UK","35-44","97.2","95","99.4","302","295","309",""
"Used the internet in the last 3 months","2018","Year","Black","White,Asian,Black and Other","UK","UK","45-54","95.6","92.8","98.3","301","292","309",""
"Used the internet in the last 3 months","2018","Year","Black","White,Asian,Black and Other","UK","UK","55-64","90.3","85.2","95.3","162","153","172",""
"Used the internet in the last 3 months","2018","Year","Black","White,Asian,Black and Other","UK","UK","65-74","?","?","?","?","?","?",""
"Used the internet in the last 3 months","2018","Year","Black","White,Asian,Black and Other","UK","UK","75+","?","?","?","?","?","?",""
"Used the internet in the last 3 months","2019","Year","All","All","UK","UK","16+","90.8","90.5","91.1","48098","47946","48249",""
"Used the internet in the last 3 months","2019","Year","All","All","North East","Region","16+","87.7","86.1","89.2","1871","1838","1905",""
"Used the internet in the last 3 months","2019","Year","All","All","North West","Region","16+","90","89.1","90.9","5198","5145","5252",""
"Used the internet in the last 3 months","2019","Year","All","All","Yorkshire and the Humber","Region","16+","89.8","88.8","90.9","3908","3863","3953",""
"Used the internet in the last 3 months","2019","Year","All","All","East Midlands","Region","16+","89.9","88.8","91","3439","3396","3481",""
"Used the internet in the last 3 months","2019","Year","All","All","West Midlands","Region","16+","88.7","87.6","89.7","4125","4076","4174",""
"Used the internet in the last 3 months","2019","Year","All","All","East of England","Region","16+","92","91.1","92.9","4552","4508","4596",""
"Used the internet in the last 3 months","2019","Year","All","All","London","Region","16+","93","92.2","93.9","6571","6511","6631",""
"Used the internet in the last 3 months","2019","Year","All","All","South East","Region","16+","93","92.3","93.7","6755","6704","6806",""
"Used the internet in the last 3 months","2019","Year","All","All","South West","Region","16+","92.3","91.4","93.1","4165","4125","4205",""
"Used the internet in the last 3 months","2019","Year","All","All","Wales","Region","16+","89.6","88.2","91","2264","2229","2299",""
"Used the internet in the last 3 months","2019","Year","All","All","Scotland","Region","16+","89.6","88.5","90.6","3979","3932","4026",""
"Used the internet in the last 3 months","2019","Year","All","All","Northern Ireland","Region","16+","86.7","85.5","87.9","1271","1253","1288",""
"Used the internet in the last 3 months","2019","Year","White","White,Asian,Black and Other","UK","UK","16+","90.5","90.2","90.8","42296","42153","42438",""
"Used the internet in the last 3 months","2019","Year","White","White,Asian,Black and Other","North East","Region","16+","87.7","86.1","89.3","1789","1757","1822",""
"Used the internet in the last 3 months","2019","Year","White","White,Asian,Black and Other","North West","Region","16+","89.8","88.8","90.8","4694","4643","4745",""
"Used the internet in the last 3 months","2019","Year","White","White,Asian,Black and Other","Yorkshire and the Humber","Region","16+","89.6","88.5","90.7","3542","3498","3585",""
"Used the internet in the last 3 months","2019","Year","White","White,Asian,Black and Other","East Midlands","Region","16+","89.9","88.8","91.1","3092","3052","3131",""
"Used the internet in the last 3 months","2019","Year","White","White,Asian,Black and Other","West Midlands","Region","16+","88.4","87.2","89.6","3419","3374","3464",""
"Used the internet in the last 3 months","2019","Year","White","White,Asian,Black and Other","East of England","Region","16+","91.6","90.6","92.5","4204","4161","4248",""
"Used the internet in the last 3 months","2019","Year","White","White,Asian,Black and Other","London","Region","16+","93.3","92.2","94.3","4195","4149","4242",""
"Used the internet in the last 3 months","2019","Year","White","White,Asian,Black and Other","South East","Region","16+","92.4","91.7","93.2","6112","6062","6162",""
"Used the internet in the last 3 months","2019","Year","White","White,Asian,Black and Other","South West","Region","16+","92","91.1","93","4014","3974","4053",""
"Used the internet in the last 3 months","2019","Year","White","White,Asian,Black and Other","Wales","Region","16+","89.5","88","90.9","2171","2136","2205",""
"Used the internet in the last 3 months","2019","Year","White","White,Asian,Black and Other","Scotland","Region","16+","89.2","88.2","90.3","3825","3778","3871",""
"Used the internet in the last 3 months","2019","Year","White","White,Asian,Black and Other","Northern Ireland","Region","16+","86.5","85.4","87.7","1239","1222","1256",""
"Used the internet in the last 3 months","2019","Year","Other inc. Mixed","White,Asian,Black and Other","UK","UK","16+","95.1","93.6","96.6","1343","1322","1364",""
"Used the internet in the last 3 months","2019","Year","Other inc. Mixed","White,Asian,Black and Other","North East","Region","16+","?","?","?","?","?","?","Suppressed"
"Used the internet in the last 3 months","2019","Year","Other inc. Mixed","White,Asian,Black and Other","North West","Region","16+","94.6","89.5","99.7","117","110","123",""
"Used the internet in the last 3 months","2019","Year","Other inc. Mixed","White,Asian,Black and Other","Yorkshire and the Humber","Region","16+","97.8","94.3","100","94","90","97",""
"Used the internet in the last 3 months","2019","Year","Other inc. Mixed","White,Asian,Black and Other","East Midlands","Region","16+","?","?","?","?","?","?","Suppressed"
"Used the internet in the last 3 months","2019","Year","Other inc. Mixed","White,Asian,Black and Other","West Midlands","Region","16+","94.5","89.6","99.5","112","107","118",""
"Used the internet in the last 3 months","2019","Year","Other inc. Mixed","White,Asian,Black and Other","East of England","Region","16+","98.8","95.8","100","82","79","84",""
"Used the internet in the last 3 months","2019","Year","Other inc. Mixed","White,Asian,Black and Other","London","Region","16+","93.3","90.4","96.3","557","539","575",""
"Used the internet in the last 3 months","2019","Year","Other inc. Mixed","White,Asian,Black and Other","South East","Region","16+","99.5","98","100","146","143","148",""
"Used the internet in the last 3 months","2019","Year","Other inc. Mixed","White,Asian,Black and Other","South West","Region","16+","?","?","?","?","?","?","Suppressed"
"Used the internet in the last 3 months","2019","Year","Other inc. Mixed","White,Asian,Black and Other","Wales","Region","16+","?","?","?","?","?","?","Suppressed"
"Used the internet in the last 3 months","2019","Year","Other inc. Mixed","White,Asian,Black and Other","Scotland","Region","16+","?","?","?","?","?","?","Suppressed"
"Used the internet in the last 3 months","2019","Year","Other inc. Mixed","White,Asian,Black and Other","Northern Ireland","Region","16+","?","?","?","?","?","?","Suppressed"
"Used the internet in the last 3 months","2019","Year","Asian","White,Asian,Black and Other","UK","Region","16+","92.4","91.3","93.6","3083","3044","3121",""
"Used the internet in the last 3 months","2019","Year","Asian","White,Asian,Black and Other","North East","Region","16+","?","?","?","?","?","?","Suppressed"
"Used the internet in the last 3 months","2019","Year","Asian","White,Asian,Black and Other","North West","Region","16+","89.9","85.8","93.9","295","282","309",""
"Used the internet in the last 3 months","2019","Year","Asian","White,Asian,Black and Other","Yorkshire and the Humber","Region","16+","89","84.4","93.6","225","214","237",""
"Used the internet in the last 3 months","2019","Year","Asian","White,Asian,Black and Other","East Midlands","Region","16+","88.3","83.1","93.4","215","203","228",""
"Used the internet in the last 3 months","2019","Year","Asian","White,Asian,Black and Other","West Midlands","Region","16+","86.8","83","90.5","424","405","442",""
"Used the internet in the last 3 months","2019","Year","Asian","White,Asian,Black and Other","East of England","Region","16+","95.1","91.5","98.7","186","179","193",""
"Used the internet in the last 3 months","2019","Year","Asian","White,Asian,Black and Other","London","Region","16+","94.7","92.9","96.5","1118","1096","1139",""
"Used the internet in the last 3 months","2019","Year","Asian","White,Asian,Black and Other","South East","Region","16+","97.4","95.5","99.4","373","365","380",""
"Used the internet in the last 3 months","2019","Year","Asian","White,Asian,Black and Other","South West","Region","16+","?","?","?","?","?","?","Suppressed"
"Used the internet in the last 3 months","2019","Year","Asian","White,Asian,Black and Other","Wales","Region","16+","?","?","?","?","?","?","Suppressed"
"Used the internet in the last 3 months","2019","Year","Asian","White,Asian,Black and Other","Scotland","Region","16+","?","?","?","?","?","?","Suppressed"
"Used the internet in the last 3 months","2019","Year","Asian","White,Asian,Black and Other","Northern Ireland","Region","16+","?","?","?","?","?","?","Suppressed"
"Used the internet in the last 3 months","2019","Year","Black","White,Asian,Black and Other","UK","UK","16+","92.8","91","94.5","1376","1351","1402",""
"Used the internet in the last 3 months","2019","Year","Black","White,Asian,Black and Other","North East","Region","16+","?","?","?","?","?","?","Suppressed"
"Used the internet in the last 3 months","2019","Year","Black","White,Asian,Black and Other","North West","Region","16+","97.6","93.8","100","92","89","96",""
"Used the internet in the last 3 months","2019","Year","Black","White,Asian,Black and Other","Yorkshire and the Humber","Region","16+","?","?","?","?","?","?","Suppressed"
"Used the internet in the last 3 months","2019","Year","Black","White,Asian,Black and Other","East Midlands","Region","16+","?","?","?","?","?","?","Suppressed"
"Used the internet in the last 3 months","2019","Year","Black","White,Asian,Black and Other","West Midlands","Region","16+","96.1","92.7","99.5","170","164","176",""
"Used the internet in the last 3 months","2019","Year","Black","White,Asian,Black and Other","East of England","Region","16+","100","100","100","80","80","80",""
"Used the internet in the last 3 months","2019","Year","Black","White,Asian,Black and Other","London","Region","16+","88.9","85.8","92.1","701","676","725",""
"Used the internet in the last 3 months","2019","Year","Black","White,Asian,Black and Other","South East","Region","16+","99.2","97.2","100","124","122","126",""
"Used the internet in the last 3 months","2019","Year","Black","White,Asian,Black and Other","South West","Region","16+","?","?","?","?","?","?","Suppressed"
"Used the internet in the last 3 months","2019","Year","Black","White,Asian,Black and Other","Wales","Region","16+","?","?","?","?","?","?","Suppressed"
"Used the internet in the last 3 months","2019","Year","Black","White,Asian,Black and Other","Scotland","Region","16+","?","?","?","?","?","?","Suppressed"
"Used the internet in the last 3 months","2019","Year","Black","White,Asian,Black and Other","Northern Ireland","Region","16+","?","?","?","?","?","?","Suppressed"
"Used the internet in the last 3 months","2019","Year","All","All","UK","UK","16-24","99.2","98.9","99.5","6873","6854","6892",""
"Used the internet in the last 3 months","2019","Year","All","All","UK","UK","25-34","99.4","99.2","99.6","8889","8870","8907",""
"Used the internet in the last 3 months","2019","Year","All","All","UK","UK","35-44","98.9","98.6","99.2","8238","8217","8259",""
"Used the internet in the last 3 months","2019","Year","All","All","UK","UK","45-54","97.5","97.1","97.9","8801","8768","8834",""
"Used the internet in the last 3 months","2019","Year","All","All","UK","UK","55-64","93.2","92.6","93.8","7490","7443","7537",""
"Used the internet in the last 3 months","2019","Year","All","All","UK","UK","65-74","83.2","82.3","84","5336","5280","5392",""
"Used the internet in the last 3 months","2019","Year","All","All","UK","UK","75+","46.8","44.7","48.8","2471","2363","2578",""
"Used the internet in the last 3 months","2019","Year","White","White,Asian,Black and Other","UK","UK","16-24","99.2","98.9","99.5","5681","5664","5698",""
"Used the internet in the last 3 months","2019","Year","White","White,Asian,Black and Other","UK","UK","25-34","99.4","99.2","99.6","7495","7479","7511",""
"Used the internet in the last 3 months","2019","Year","White","White,Asian,Black and Other","UK","UK","35-44","99.1","98.9","99.4","6767","6750","6784",""
"Used the internet in the last 3 months","2019","Year","White","White,Asian,Black and Other","UK","UK","45-54","97.9","97.5","98.2","7811","7782","7839",""
"Used the internet in the last 3 months","2019","Year","White","White,Asian,Black and Other","UK","UK","55-64","93.5","92.9","94.1","6976","6931","7020",""
"Used the internet in the last 3 months","2019","Year","White","White,Asian,Black and Other","UK","UK","65-74","83.8","82.9","84.7","5176","5122","5230",""
"Used the internet in the last 3 months","2019","Year","White","White,Asian,Black and Other","UK","UK","75+","47.6","45.5","49.7","2391","2286","2496",""
"Used the internet in the last 3 months","2019","Year","Other inc. Mixed","White,Asian,Black and Other","UK","UK","16-24","99.1","97.7","100","321","316","325",""
"Used the internet in the last 3 months","2019","Year","Other inc. Mixed","White,Asian,Black and Other","UK","UK","25-34","99.2","97.9","100","357","352","361",""
"Used the internet in the last 3 months","2019","Year","Other inc. Mixed","White,Asian,Black and Other","UK","UK","35-44","96.4","93.9","98.9","317","309","325",""
"Used the internet in the last 3 months","2019","Year","Other inc. Mixed","White,Asian,Black and Other","UK","UK","45-54","93","88.8","97.3","209","199","218",""
"Used the internet in the last 3 months","2019","Year","Other inc. Mixed","White,Asian,Black and Other","UK","UK","55-64","95.2","90.4","100","105","99","110",""
"Used the internet in the last 3 months","2019","Year","Other inc. Mixed","White,Asian,Black and Other","UK","UK","65-74","?","?","?","?","?","?","Suppressed"
"Used the internet in the last 3 months","2019","Year","Other inc. Mixed","White,Asian,Black and Other","UK","UK","75+","?","?","?","?","?","?","Suppressed"
"Used the internet in the last 3 months","2019","Year","Asian","White,Asian,Black and Other","UK","UK","16-24","99.4","98.6","100","602","597","607",""
"Used the internet in the last 3 months","2019","Year","Asian","White,Asian,Black and Other","UK","UK","25-34","99.1","98.2","100","735","728","742",""
"Used the internet in the last 3 months","2019","Year","Asian","White,Asian,Black and Other","UK","UK","35-44","98.4","97.3","99.4","864","855","873",""
"Used the internet in the last 3 months","2019","Year","Asian","White,Asian,Black and Other","UK","UK","45-54","94.3","92","96.7","510","498","523",""
"Used the internet in the last 3 months","2019","Year","Asian","White,Asian,Black and Other","UK","UK","55-64","83.6","78.5","88.8","231","217","245",""
"Used the internet in the last 3 months","2019","Year","Asian","White,Asian,Black and Other","UK","UK","65-74","64.8","56.5","73.1","99","86","111",""
"Used the internet in the last 3 months","2019","Year","Asian","White,Asian,Black and Other","UK","UK","75+","29.9","18.5","41.2","42","26","58",""
"Used the internet in the last 3 months","2019","Year","Black","White,Asian,Black and Other","UK","UK","16-24","98.5","96.5","100","270","264","275",""
"Used the internet in the last 3 months","2019","Year","Black","White,Asian,Black and Other","UK","UK","25-34","99.6","98.7","100","303","300","306",""
"Used the internet in the last 3 months","2019","Year","Black","White,Asian,Black and Other","UK","UK","35-44","98","96.1","100","290","284","296",""
"Used the internet in the last 3 months","2019","Year","Black","White,Asian,Black and Other","UK","UK","45-54","96","93.1","98.9","271","263","279",""
"Used the internet in the last 3 months","2019","Year","Black","White,Asian,Black and Other","UK","UK","55-64","94.5","90.6","98.4","179","171","186",""
"Used the internet in the last 3 months","2019","Year","Black","White,Asian,Black and Other","UK","UK","65-74","?","?","?","?","?","?","Suppressed"
"Used the internet in the last 3 months","2019","Year","Black","White,Asian,Black and Other","UK","UK","75+","?","?","?","?","?","?","Suppressed"
